,accuracy,cv_score
Decision Tree,77.13365539452496,67.9850916835489
Random Forest,82.4476650563607,77.10861773414368
Logistic Regression,80.67632850241546,80.9794296400187
